{"cameraMode":{"drawMode":0,"name":"Shaded","section":"Shading Mode"},"sceneLighting":true,"audioPlay":false,"sceneViewState":{"m_AlwaysRefresh":false,"showFog":true,"showSkybox":true,"showFlares":true,"showImageEffects":true,"showParticleSystems":true,"showVisualEffectGraphs":true,"m_FxEnabled":true},"in2DMode":false,"pivot":{"x":-52.1309814453125,"y":23.409992218017579,"z":-33.313846588134769},"rotation":{"x":0.45651185512542727,"y":-0.026415232568979265,"z":0.013547833077609539,"w":0.8891922831535339},"size":20.303438186645509,"orthographic":true}