{"cameraMode":{"drawMode":0,"name":"Shaded","section":"Shading Mode"},"sceneLighting":true,"audioPlay":false,"sceneViewState":{"m_AlwaysRefresh":false,"showFog":true,"showSkybox":true,"showFlares":true,"showImageEffects":true,"showParticleSystems":true,"showVisualEffectGraphs":true,"m_FxEnabled":true},"in2DMode":false,"pivot":{"x":11.82836627960205,"y":15.71063232421875,"z":-0.21143245697021485},"rotation":{"x":-0.29449623823165896,"y":0.25697600841522219,"z":-0.08253572881221771,"w":-0.9167927503585815},"size":10.966605186462403,"orthographic":false}