{"cameraMode":{"drawMode":0,"name":"Shaded","section":"Shading Mode"},"sceneLighting":true,"audioPlay":false,"sceneViewState":{"m_AlwaysRefresh":false,"showFog":true,"showSkybox":true,"showFlares":true,"showImageEffects":true,"showParticleSystems":true,"showVisualEffectGraphs":true,"m_FxEnabled":true},"in2DMode":false,"pivot":{"x":-369.3790283203125,"y":-1051.5667724609375,"z":1061.7247314453125},"rotation":{"x":0.36664676666259768,"y":0.1549912840127945,"z":-0.061944104731082919,"w":0.9152796864509583},"size":2033.187255859375,"orthographic":false}