{"cameraMode":{"drawMode":0,"name":"Shaded","section":"Shading Mode"},"sceneLighting":true,"audioPlay":false,"sceneViewState":{"m_AlwaysRefresh":false,"showFog":true,"showSkybox":true,"showFlares":true,"showImageEffects":true,"showParticleSystems":true,"showVisualEffectGraphs":true,"m_FxEnabled":true},"in2DMode":false,"pivot":{"x":4.633522987365723,"y":-112.68107604980469,"z":304.4586181640625},"rotation":{"x":-0.19702483713626862,"y":-0.006515616551041603,"z":0.0010398162994533778,"w":-0.9804765582084656},"size":197.1412353515625,"orthographic":false}