{"cameraMode":{"drawMode":0,"name":"Shaded","section":"Shading Mode"},"sceneLighting":true,"audioPlay":false,"sceneViewState":{"m_AlwaysRefresh":false,"showFog":true,"showSkybox":true,"showFlares":true,"showImageEffects":true,"showParticleSystems":true,"showVisualEffectGraphs":true,"m_FxEnabled":true},"in2DMode":false,"pivot":{"x":2.942500114440918,"y":0.922825813293457,"z":0.08488655090332031},"rotation":{"x":-0.34178441762924197,"y":0.21491478383541108,"z":-0.08060258626937866,"w":-0.911316990852356},"size":15.529693603515625,"orthographic":false}